[{"@type":"mappingTemplate","id":"@1","name":"XX_employee_SCD_type2","description":"","bundleVersion":"0","templateId":"@3","deployTime":1588755811000,"hasParameters":false,"valid":true,"fixedConnection":true,"hasParametersDeployed":false,"fixedConnectionDeployed":true,"tasks":1,"mappingPreviewFileRecordId":"@2","documentType":"","references":[{"@type":"reference","refObjectId":"@8yz3rG7bOf3fFZqkNaZgmL","refType":"connection"},{"@type":"reference","refObjectId":"@2cPTl6d0qs5gll6mzYZRwg","refType":"connection"}]}]