[{"@type":"connection","id":"@1","name":"TGT_ORA_CONN","description":"ORACLE TARGET","runtimeEnvironmentId":"@gmEj5e8S3iTl6rSShIeJ0z","instanceDisplayName":"Oracle","host":"khadharbasha","database":"XE","codepage":"UTF-8","adjustedJdbcHostName":"khadharbasha","schema":"Target_DB","shortDescription":"ORACLE TARGET","type":"Oracle","port":1521,"password":"********","username":"Target_DB","majorUpdateTime":"2020-05-04T04:33:15.000Z","timeout":60,"connParams":{"Connection Retry Period":"60","agentId":"011AAQ08000000000002","CryptoProtocolVersion":"TLSv1","agentGroupId":"011AAQ25000000000002","encryptionMethod":"NoEncryption","orgId":"011AAQ","ValidateServerCertificate":"True"}}]