{
  "name" : "XX_employee_SCD_type1-1589787992523",
  "sourceOrgId" : "6HqwhgckmnTehscgtC1PMV",
  "sourceOrgName" : "UST Global",
  "exportedObjects" : [ {
    "objectGuid" : "2jhlwUgOKAkgHGN0ZwMUMu",
    "objectName" : "FF_SRC_CONN",
    "objectType" : "Connection",
    "path" : "/SYS",
    "metadata" : {
      "modelVersion" : {
        "major" : 0,
        "minor" : 0
      },
      "repoInfo" : {
        "repoHandle" : "011AMM0B000000000002"
      },
      "objectRefs" : [ "5LMt9apnGUKbXofvQicZ2t" ],
      "contextAttributes" : [ {
        "name" : "id",
        "value" : "@1"
      } ],
      "additionalInfo" : {
        "description" : "SOURCE",
        "contentType" : "JSON",
        "documentState" : "COMPLETE"
      }
    }
  }, {
    "objectGuid" : "kDn01ZaFCmVlRQbIL64Aep",
    "objectName" : "SRC_FF_CONN",
    "objectType" : "Connection",
    "path" : "/SYS",
    "metadata" : {
      "modelVersion" : {
        "major" : 0,
        "minor" : 0
      },
      "repoInfo" : {
        "repoHandle" : "011AMM0B000000000007"
      },
      "objectRefs" : [ "5LMt9apnGUKbXofvQicZ2t" ],
      "contextAttributes" : [ {
        "name" : "id",
        "value" : "@1"
      } ],
      "additionalInfo" : {
        "description" : "source",
        "contentType" : "JSON",
        "documentState" : "COMPLETE"
      }
    }
  }, {
    "objectGuid" : "fqu31RPpbQSc8RpezYxI0y",
    "objectName" : "TGT_ORA_CONN",
    "objectType" : "Connection",
    "path" : "/SYS",
    "metadata" : {
      "modelVersion" : {
        "major" : 0,
        "minor" : 0
      },
      "repoInfo" : {
        "repoHandle" : "011AMM0B000000000005"
      },
      "objectRefs" : [ "5LMt9apnGUKbXofvQicZ2t" ],
      "contextAttributes" : [ {
        "name" : "id",
        "value" : "@1"
      } ],
      "additionalInfo" : {
        "description" : "TARGET",
        "contentType" : "JSON",
        "documentState" : "COMPLETE"
      }
    }
  }, {
    "objectGuid" : "kiFPDOZknCWdZVKn42MpeC",
    "objectName" : "XX_employee_SCD_type1",
    "objectType" : "DTEMPLATE",
    "path" : "/Explore/Default",
    "metadata" : {
      "modelVersion" : {
        "major" : 0,
        "minor" : 0
      },
      "repoInfo" : {
        "repoHandle" : "011AMM17000000000003"
      },
      "objectRefs" : [ "2jhlwUgOKAkgHGN0ZwMUMu", "kDn01ZaFCmVlRQbIL64Aep", "fqu31RPpbQSc8RpezYxI0y" ],
      "contextAttributes" : [ {
        "name" : "id",
        "value" : "@1"
      } ],
      "additionalInfo" : {
        "description" : "",
        "contentType" : "JSON",
        "documentState" : "VALID"
      }
    }
  }, {
    "objectGuid" : "5LMt9apnGUKbXofvQicZ2t",
    "objectName" : "khadharbasha",
    "objectType" : "AgentGroup",
    "path" : "/SYS",
    "metadata" : {
      "modelVersion" : {
        "major" : 0,
        "minor" : 0
      },
      "repoInfo" : {
        "repoHandle" : "011AMM25000000000002"
      },
      "objectRefs" : [ ],
      "contextAttributes" : [ {
        "name" : "id",
        "value" : "@1"
      } ],
      "additionalInfo" : {
        "description" : null,
        "contentType" : "JSON",
        "documentState" : "VALID"
      }
    }
  }, {
    "objectGuid" : "5yalV9nKsn1bnKv2RVnpAi",
    "objectName" : "Default",
    "objectType" : "Project",
    "path" : "/Explore",
    "metadata" : {
      "modelVersion" : {
        "major" : 0,
        "minor" : 0
      },
      "repoInfo" : null,
      "objectRefs" : [ ],
      "contextAttributes" : [ {
        "name" : "IS_DEF_LOC",
        "value" : "true"
      } ],
      "additionalInfo" : {
        "description" : "Auto-generated Default Project",
        "contentType" : null,
        "documentState" : "COMPLETE"
      }
    }
  } ]
}