[{"@type":"mappingTemplate","id":"@1","name":"XX_food_mapping","description":"","bundleVersion":"0","templateId":"@3","deployTime":1589383462000,"hasParameters":false,"valid":true,"fixedConnection":true,"hasParametersDeployed":false,"fixedConnectionDeployed":true,"tasks":1,"mappingPreviewFileRecordId":"@2","documentType":"","references":[{"@type":"reference","refObjectId":"@8yz3rG7bOf3fFZqkNaZgmL","refType":"connection"},{"@type":"reference","refObjectId":"@5XqD5CsKFb2fyxiv0ZDXGz","refType":"connection"}]}]