objectPath,objectName,objectType,id
/SYS,FF_SRC_CONN,Connection,2jhlwUgOKAkgHGN0ZwMUMu
/SYS,SRC_ORA_CONN,Connection,55KnIlvSWKqgMTv5sUN402
/Explore/Default,XX_EMP_PARELLEL_TASK,TASKFLOW,8eAgzxo9ZMSdCYbuv4Mksh
/SYS,SRC_FF_CONN,Connection,kDn01ZaFCmVlRQbIL64Aep
/Explore/Default,XX_Employee_MCT,MTT,2g73XJNR00gkEoIkEnwmqs
/Explore/Default,XX_employee_SCD_type1,DTEMPLATE,kiFPDOZknCWdZVKn42MpeC
/Explore,Default,Project,5yalV9nKsn1bnKv2RVnpAi
/Explore/Default,XX_employee_sync_task,DSS,8fBx4rTH8DKfOSQ21HxmuT
/SYS,TGT_ORA_CONN,Connection,fqu31RPpbQSc8RpezYxI0y
/Explore/Default,XX_employee_SCD_Type2_MCT,MTT,8S7o0Dyd6gIgMtnJlcyX0t
/SYS,khadharbasha,AgentGroup,5LMt9apnGUKbXofvQicZ2t
/Explore/Default,XX_employee_SCD_type2,DTEMPLATE,6DRoRqo4R7NhxJGHBw04aL