{
  "name" : "XX_EMP_PARELLEL_TASK-1589806740885",
  "sourceOrgId" : "6HqwhgckmnTehscgtC1PMV",
  "sourceOrgName" : "UST Global",
  "exportedObjects" : [ {
    "objectGuid" : "2jhlwUgOKAkgHGN0ZwMUMu",
    "objectName" : "FF_SRC_CONN",
    "objectType" : "Connection",
    "path" : "/SYS",
    "metadata" : {
      "modelVersion" : {
        "major" : 0,
        "minor" : 0
      },
      "repoInfo" : {
        "repoHandle" : "011AMM0B000000000002"
      },
      "objectRefs" : [ "5LMt9apnGUKbXofvQicZ2t" ],
      "contextAttributes" : [ {
        "name" : "id",
        "value" : "@1"
      } ],
      "additionalInfo" : {
        "description" : "SOURCE",
        "contentType" : "JSON",
        "documentState" : "COMPLETE"
      }
    }
  }, {
    "objectGuid" : "55KnIlvSWKqgMTv5sUN402",
    "objectName" : "SRC_ORA_CONN",
    "objectType" : "Connection",
    "path" : "/SYS",
    "metadata" : {
      "modelVersion" : {
        "major" : 0,
        "minor" : 0
      },
      "repoInfo" : {
        "repoHandle" : "011AMM0B000000000004"
      },
      "objectRefs" : [ "5LMt9apnGUKbXofvQicZ2t" ],
      "contextAttributes" : [ {
        "name" : "id",
        "value" : "@1"
      } ],
      "additionalInfo" : {
        "description" : "SOURCE",
        "contentType" : "JSON",
        "documentState" : "COMPLETE"
      }
    }
  }, {
    "objectGuid" : "8eAgzxo9ZMSdCYbuv4Mksh",
    "objectName" : "XX_EMP_PARELLEL_TASK",
    "objectType" : "TASKFLOW",
    "path" : "/Explore/Default",
    "metadata" : {
      "modelVersion" : {
        "major" : 1,
        "minor" : 0
      },
      "repoInfo" : {
        "repoHandle" : "WztZK0CYybdsMkd-gt-11646878-2020-05-15T06:26:27.777Z::tf.xml"
      },
      "objectRefs" : [ "8fBx4rTH8DKfOSQ21HxmuT", "2g73XJNR00gkEoIkEnwmqs", "8S7o0Dyd6gIgMtnJlcyX0t" ],
      "contextAttributes" : null,
      "additionalInfo" : {
        "description" : "",
        "contentType" : "application/json; charset=utf-8",
        "documentState" : "VALID"
      }
    }
  }, {
    "objectGuid" : "kDn01ZaFCmVlRQbIL64Aep",
    "objectName" : "SRC_FF_CONN",
    "objectType" : "Connection",
    "path" : "/SYS",
    "metadata" : {
      "modelVersion" : {
        "major" : 0,
        "minor" : 0
      },
      "repoInfo" : {
        "repoHandle" : "011AMM0B000000000007"
      },
      "objectRefs" : [ "5LMt9apnGUKbXofvQicZ2t" ],
      "contextAttributes" : [ {
        "name" : "id",
        "value" : "@1"
      } ],
      "additionalInfo" : {
        "description" : "source",
        "contentType" : "JSON",
        "documentState" : "COMPLETE"
      }
    }
  }, {
    "objectGuid" : "2g73XJNR00gkEoIkEnwmqs",
    "objectName" : "XX_Employee_MCT",
    "objectType" : "MTT",
    "path" : "/Explore/Default",
    "metadata" : {
      "modelVersion" : {
        "major" : 0,
        "minor" : 0
      },
      "repoInfo" : {
        "repoHandle" : "011AMM0Z000000000004"
      },
      "objectRefs" : [ "2jhlwUgOKAkgHGN0ZwMUMu", "kDn01ZaFCmVlRQbIL64Aep", "fqu31RPpbQSc8RpezYxI0y", "kiFPDOZknCWdZVKn42MpeC", "5LMt9apnGUKbXofvQicZ2t" ],
      "contextAttributes" : [ {
        "name" : "id",
        "value" : "@1"
      } ],
      "additionalInfo" : {
        "description" : "",
        "contentType" : "JSON",
        "documentState" : "VALID"
      }
    }
  }, {
    "objectGuid" : "kiFPDOZknCWdZVKn42MpeC",
    "objectName" : "XX_employee_SCD_type1",
    "objectType" : "DTEMPLATE",
    "path" : "/Explore/Default",
    "metadata" : {
      "modelVersion" : {
        "major" : 0,
        "minor" : 0
      },
      "repoInfo" : {
        "repoHandle" : "011AMM17000000000003"
      },
      "objectRefs" : [ "2jhlwUgOKAkgHGN0ZwMUMu", "kDn01ZaFCmVlRQbIL64Aep", "fqu31RPpbQSc8RpezYxI0y" ],
      "contextAttributes" : [ {
        "name" : "id",
        "value" : "@1"
      } ],
      "additionalInfo" : {
        "description" : "",
        "contentType" : "JSON",
        "documentState" : "VALID"
      }
    }
  }, {
    "objectGuid" : "5yalV9nKsn1bnKv2RVnpAi",
    "objectName" : "Default",
    "objectType" : "Project",
    "path" : "/Explore",
    "metadata" : {
      "modelVersion" : {
        "major" : 0,
        "minor" : 0
      },
      "repoInfo" : null,
      "objectRefs" : [ ],
      "contextAttributes" : [ {
        "name" : "IS_DEF_LOC",
        "value" : "true"
      } ],
      "additionalInfo" : {
        "description" : "Auto-generated Default Project",
        "contentType" : null,
        "documentState" : "COMPLETE"
      }
    }
  }, {
    "objectGuid" : "8fBx4rTH8DKfOSQ21HxmuT",
    "objectName" : "XX_employee_sync_task",
    "objectType" : "DSS",
    "path" : "/Explore/Default",
    "metadata" : {
      "modelVersion" : {
        "major" : 0,
        "minor" : 0
      },
      "repoInfo" : {
        "repoHandle" : "011AMM0I000000000002"
      },
      "objectRefs" : [ "55KnIlvSWKqgMTv5sUN402", "fqu31RPpbQSc8RpezYxI0y" ],
      "contextAttributes" : [ {
        "name" : "id",
        "value" : "@1"
      } ],
      "additionalInfo" : {
        "description" : "",
        "contentType" : "JSON",
        "documentState" : "VALID"
      }
    }
  }, {
    "objectGuid" : "fqu31RPpbQSc8RpezYxI0y",
    "objectName" : "TGT_ORA_CONN",
    "objectType" : "Connection",
    "path" : "/SYS",
    "metadata" : {
      "modelVersion" : {
        "major" : 0,
        "minor" : 0
      },
      "repoInfo" : {
        "repoHandle" : "011AMM0B000000000005"
      },
      "objectRefs" : [ "5LMt9apnGUKbXofvQicZ2t" ],
      "contextAttributes" : [ {
        "name" : "id",
        "value" : "@1"
      } ],
      "additionalInfo" : {
        "description" : "TARGET",
        "contentType" : "JSON",
        "documentState" : "COMPLETE"
      }
    }
  }, {
    "objectGuid" : "8S7o0Dyd6gIgMtnJlcyX0t",
    "objectName" : "XX_employee_SCD_Type2_MCT",
    "objectType" : "MTT",
    "path" : "/Explore/Default",
    "metadata" : {
      "modelVersion" : {
        "major" : 0,
        "minor" : 0
      },
      "repoInfo" : {
        "repoHandle" : "011AMM0Z000000000002"
      },
      "objectRefs" : [ "kDn01ZaFCmVlRQbIL64Aep", "fqu31RPpbQSc8RpezYxI0y", "5LMt9apnGUKbXofvQicZ2t", "6DRoRqo4R7NhxJGHBw04aL" ],
      "contextAttributes" : [ {
        "name" : "id",
        "value" : "@1"
      } ],
      "additionalInfo" : {
        "description" : "",
        "contentType" : "JSON",
        "documentState" : "VALID"
      }
    }
  }, {
    "objectGuid" : "5LMt9apnGUKbXofvQicZ2t",
    "objectName" : "khadharbasha",
    "objectType" : "AgentGroup",
    "path" : "/SYS",
    "metadata" : {
      "modelVersion" : {
        "major" : 0,
        "minor" : 0
      },
      "repoInfo" : {
        "repoHandle" : "011AMM25000000000002"
      },
      "objectRefs" : [ ],
      "contextAttributes" : [ {
        "name" : "id",
        "value" : "@1"
      } ],
      "additionalInfo" : {
        "description" : null,
        "contentType" : "JSON",
        "documentState" : "VALID"
      }
    }
  }, {
    "objectGuid" : "6DRoRqo4R7NhxJGHBw04aL",
    "objectName" : "XX_employee_SCD_type2",
    "objectType" : "DTEMPLATE",
    "path" : "/Explore/Default",
    "metadata" : {
      "modelVersion" : {
        "major" : 0,
        "minor" : 0
      },
      "repoInfo" : {
        "repoHandle" : "011AMM17000000000004"
      },
      "objectRefs" : [ "kDn01ZaFCmVlRQbIL64Aep", "fqu31RPpbQSc8RpezYxI0y" ],
      "contextAttributes" : [ {
        "name" : "id",
        "value" : "@1"
      } ],
      "additionalInfo" : {
        "description" : "",
        "contentType" : "JSON",
        "documentState" : "VALID"
      }
    }
  } ]
}