[{"@type":"drsTask","id":"@1","name":"XX_employee_RPCTSK","errorTaskEmail":{"@type":"taskEmail","id":686059,"emails":"bhasha786.shaik@gmail.com","emailType":"ERROR"},"successTaskEmail":{"@type":"taskEmail","id":686062,"emails":"bhasha786.shaik@gmail.com","emailType":"SUCCESS"},"warningTaskEmail":{"@type":"taskEmail","id":686065,"emails":"bhasha786.shaik@gmail.com","emailType":"WARNING"},"maxLogs":10,"sourceConnectionId":"@2cPTl6d0qs5gll6mzYZRwg","targetConnectionId":"@jix7cXj8msYe4d6lSvnb8B","tablePrefix":"TGT_","verbose":false,"fullRefresh":true,"replicateAllObjects":false,"removeDeleted":true,"queryAll":false,"srcShowLabels":false,"maxRows":0,"stopOnError":false,"replicationObjects":["EMPLOYEE_SCD_TYPE1"],"excludedReplicationObjects":[],"majorUpdateTime":1589202019000,"metadataMode":0,"bulkApi":false,"base64BodySize":0.0,"bulkApiDBTarget":false,"fieldExclusions":[],"filters":[],"advancedFilters":[],"srcRuntimeAttrs":{"@type":"taskRuntimeAttrs","attrs":{}}}]