[{"@type":"dssTask","id":"@1","name":"XX_employee_sync_task","description":"","errorTaskEmail":{"@type":"taskEmail","id":686092,"emails":"bhasha786.shaik@gmail.com","emailType":"ERROR"},"successTaskEmail":{"@type":"taskEmail","id":686095,"emails":"bhasha786.shaik@gmail.com","emailType":"SUCCESS"},"warningTaskEmail":{"@type":"taskEmail","id":686098,"emails":"bhasha786.shaik@gmail.com","emailType":"WARNING"},"maxLogs":10,"sourceConnectionId":"@2cPTl6d0qs5gll6mzYZRwg","targetConnectionId":"@jix7cXj8msYe4d6lSvnb8B","targetObject":"EMPLOYEE_SCD_TYPE1","targetObjectLabel":"EMPLOYEE_SCD_TYPE1","operation":"Upsert","maxRows":0,"truncateTarget":false,"bulkApiDBTarget":false,"verbose":false,"targetMetadataUpdated":false,"modelVersion":"V3-R600","queryAll":false,"srcSettings":{"@type":"taskDataSourceSetting","isShowLabels":false,"isNaturalOrder":true},"tgtSettings":{"@type":"taskDataSourceSetting","isShowLabels":false,"isNaturalOrder":true},"cfSettings":{"@type":"taskDataSourceSetting","isShowLabels":false,"isNaturalOrder":false},"bulkApi":false,"bulkApiSerialMode":false,"bulkApiMonitor":false,"isTargetObjectSfCustom":false,"allowNullUpdates":false,"targetBatchSize":200,"assignmentRuleId":"-1","assignmentRuleType":"None","createSuccessFile":false,"bulkApiHardDelete":false,"srcRuntimeAttrs":{"@type":"taskRuntimeAttrs","attrs":{}},"tgtRuntimeAttrs":{"@type":"taskRuntimeAttrs","attrs":{}},"parameterFileEncoding":"UTF-8","sourceObjects":[{"@type":"mObject","name":"EMPLOYEE_SCD_TYPE1","label":"EMPLOYEE_SCD_TYPE1","metadataUpdated":false,"relations":[],"children":[]}],"advancedFilters":[],"filters":[],"fieldMaps":[{"@type":"fieldMap","id":"17932525","targetField":{"@type":"field","id":49529356,"name":"EMPLOYEEID","type":"decimal","uniqueName":"EMPLOYEEID","label":"EMPLOYEEID","parentObject":"EMPLOYEE_SCD_TYPE1","pcType":"HIPRECDECIMAL","precision":4,"scale":0,"columnIndex":0,"isKey":true,"isExternalId":false,"isSfIdLookup":false,"isNullable":false,"isUnique":true,"isCreateable":false,"isUpdateable":true,"isFilterable":true,"isCalculated":false,"showLabel":false,"naturalOrder":0,"linkedFields":["EMPLOYEEID"],"relatedInfos":[],"references":[]},"expression":"EMPLOYEEID"},{"@type":"fieldMap","id":"17932528","targetField":{"@type":"field","id":49529359,"name":"EMPLOYEENAME","type":"varchar","uniqueName":"EMPLOYEENAME","label":"EMPLOYEENAME","parentObject":"EMPLOYEE_SCD_TYPE1","pcType":"STRING","precision":30,"scale":0,"columnIndex":1,"isKey":false,"isExternalId":false,"isSfIdLookup":false,"isNullable":true,"isUnique":false,"isCreateable":false,"isUpdateable":true,"isFilterable":true,"isCalculated":false,"showLabel":false,"naturalOrder":1,"linkedFields":["EMPLOYEENAME"],"relatedInfos":[],"references":[]},"expression":"EMPLOYEENAME"},{"@type":"fieldMap","id":"17932531","targetField":{"@type":"field","id":49529362,"name":"AGE","type":"decimal","uniqueName":"AGE","label":"AGE","parentObject":"EMPLOYEE_SCD_TYPE1","pcType":"HIPRECDECIMAL","precision":4,"scale":0,"columnIndex":2,"isKey":false,"isExternalId":false,"isSfIdLookup":false,"isNullable":true,"isUnique":false,"isCreateable":false,"isUpdateable":true,"isFilterable":true,"isCalculated":false,"showLabel":false,"naturalOrder":2,"linkedFields":["AGE"],"relatedInfos":[],"references":[]},"expression":"AGE"},{"@type":"fieldMap","id":"17932534","targetField":{"@type":"field","id":49529365,"name":"DEPARTMENTID","type":"decimal","uniqueName":"DEPARTMENTID","label":"DEPARTMENTID","parentObject":"EMPLOYEE_SCD_TYPE1","pcType":"HIPRECDECIMAL","precision":4,"scale":0,"columnIndex":3,"isKey":false,"isExternalId":false,"isSfIdLookup":false,"isNullable":true,"isUnique":false,"isCreateable":false,"isUpdateable":true,"isFilterable":true,"isCalculated":false,"showLabel":false,"naturalOrder":3,"linkedFields":["DEPARTMENTID"],"relatedInfos":[],"references":[]},"expression":"DEPARTMENTID"},{"@type":"fieldMap","id":"17932537","targetField":{"@type":"field","id":49529368,"name":"DEPARTMENTNAME","type":"varchar","uniqueName":"DEPARTMENTNAME","label":"DEPARTMENTNAME","parentObject":"EMPLOYEE_SCD_TYPE1","pcType":"STRING","precision":30,"scale":0,"columnIndex":4,"isKey":false,"isExternalId":false,"isSfIdLookup":false,"isNullable":true,"isUnique":false,"isCreateable":false,"isUpdateable":true,"isFilterable":true,"isCalculated":false,"showLabel":false,"naturalOrder":4,"linkedFields":["DEPARTMENTNAME"],"relatedInfos":[],"references":[]},"expression":"DEPARTMENTNAME"},{"@type":"fieldMap","id":"17932540","targetField":{"@type":"field","id":49529371,"name":"LOCATION","type":"varchar","uniqueName":"LOCATION","label":"LOCATION","parentObject":"EMPLOYEE_SCD_TYPE1","pcType":"STRING","precision":30,"scale":0,"columnIndex":5,"isKey":false,"isExternalId":false,"isSfIdLookup":false,"isNullable":true,"isUnique":false,"isCreateable":false,"isUpdateable":true,"isFilterable":true,"isCalculated":false,"showLabel":false,"naturalOrder":5,"linkedFields":["LOCATION"],"relatedInfos":[],"references":[]},"expression":"LOCATION"},{"@type":"fieldMap","id":"17932543","targetField":{"@type":"field","id":49529374,"name":"CREATEDDATE","type":"timestamp","uniqueName":"CREATEDDATE","label":"CREATEDDATE","parentObject":"EMPLOYEE_SCD_TYPE1","pcType":"DATE","precision":23,"scale":3,"columnIndex":6,"isKey":false,"isExternalId":false,"isSfIdLookup":false,"isNullable":true,"isUnique":false,"isCreateable":false,"isUpdateable":true,"isFilterable":true,"isCalculated":false,"showLabel":false,"naturalOrder":6,"linkedFields":["CREATEDDATE"],"relatedInfos":[],"references":[]},"expression":"CREATEDDATE"},{"@type":"fieldMap","id":"17932546","targetField":{"@type":"field","id":49529377,"name":"MODIFIEDDATE","type":"timestamp","uniqueName":"MODIFIEDDATE","label":"MODIFIEDDATE","parentObject":"EMPLOYEE_SCD_TYPE1","pcType":"DATE","precision":23,"scale":3,"columnIndex":7,"isKey":false,"isExternalId":false,"isSfIdLookup":false,"isNullable":true,"isUnique":false,"isCreateable":false,"isUpdateable":true,"isFilterable":true,"isCalculated":false,"showLabel":false,"naturalOrder":7,"linkedFields":["MODIFIEDDATE"],"relatedInfos":[],"references":[]},"expression":"MODIFIEDDATE"}],"sourceFields":[{"@type":"field","id":49660414,"name":"EMPLOYEEID","type":"decimal","uniqueName":"EMPLOYEEID","label":"EMPLOYEEID","parentObject":"EMPLOYEE_SCD_TYPE1","pcType":"HIPRECDECIMAL","precision":4,"scale":0,"columnIndex":0,"isKey":true,"isExternalId":false,"isSfIdLookup":false,"isNullable":false,"isUnique":true,"isCreateable":false,"isUpdateable":true,"isFilterable":true,"isCalculated":false,"showLabel":false,"naturalOrder":0,"linkedFields":["EMPLOYEEID"],"relatedInfos":[],"references":[]},{"@type":"field","id":49660417,"name":"EMPLOYEENAME","type":"varchar","uniqueName":"EMPLOYEENAME","label":"EMPLOYEENAME","parentObject":"EMPLOYEE_SCD_TYPE1","pcType":"STRING","precision":30,"scale":0,"columnIndex":1,"isKey":false,"isExternalId":false,"isSfIdLookup":false,"isNullable":true,"isUnique":false,"isCreateable":false,"isUpdateable":true,"isFilterable":true,"isCalculated":false,"showLabel":false,"naturalOrder":1,"linkedFields":["EMPLOYEENAME"],"relatedInfos":[],"references":[]},{"@type":"field","id":49660420,"name":"AGE","type":"decimal","uniqueName":"AGE","label":"AGE","parentObject":"EMPLOYEE_SCD_TYPE1","pcType":"HIPRECDECIMAL","precision":4,"scale":0,"columnIndex":2,"isKey":false,"isExternalId":false,"isSfIdLookup":false,"isNullable":true,"isUnique":false,"isCreateable":false,"isUpdateable":true,"isFilterable":true,"isCalculated":false,"showLabel":false,"naturalOrder":2,"linkedFields":["AGE"],"relatedInfos":[],"references":[]},{"@type":"field","id":49660423,"name":"DEPARTMENTID","type":"decimal","uniqueName":"DEPARTMENTID","label":"DEPARTMENTID","parentObject":"EMPLOYEE_SCD_TYPE1","pcType":"HIPRECDECIMAL","precision":4,"scale":0,"columnIndex":3,"isKey":false,"isExternalId":false,"isSfIdLookup":false,"isNullable":true,"isUnique":false,"isCreateable":false,"isUpdateable":true,"isFilterable":true,"isCalculated":false,"showLabel":false,"naturalOrder":3,"linkedFields":["DEPARTMENTID"],"relatedInfos":[],"references":[]},{"@type":"field","id":49660426,"name":"DEPARTMENTNAME","type":"varchar","uniqueName":"DEPARTMENTNAME","label":"DEPARTMENTNAME","parentObject":"EMPLOYEE_SCD_TYPE1","pcType":"STRING","precision":30,"scale":0,"columnIndex":4,"isKey":false,"isExternalId":false,"isSfIdLookup":false,"isNullable":true,"isUnique":false,"isCreateable":false,"isUpdateable":true,"isFilterable":true,"isCalculated":false,"showLabel":false,"naturalOrder":4,"linkedFields":["DEPARTMENTNAME"],"relatedInfos":[],"references":[]},{"@type":"field","id":49660429,"name":"LOCATION","type":"varchar","uniqueName":"LOCATION","label":"LOCATION","parentObject":"EMPLOYEE_SCD_TYPE1","pcType":"STRING","precision":30,"scale":0,"columnIndex":5,"isKey":false,"isExternalId":false,"isSfIdLookup":false,"isNullable":true,"isUnique":false,"isCreateable":false,"isUpdateable":true,"isFilterable":true,"isCalculated":false,"showLabel":false,"naturalOrder":5,"linkedFields":["LOCATION"],"relatedInfos":[],"references":[]},{"@type":"field","id":49660432,"name":"CREATEDDATE","type":"timestamp","uniqueName":"CREATEDDATE","label":"CREATEDDATE","parentObject":"EMPLOYEE_SCD_TYPE1","pcType":"DATE","precision":23,"scale":3,"columnIndex":6,"isKey":false,"isExternalId":false,"isSfIdLookup":false,"isNullable":true,"isUnique":false,"isCreateable":false,"isUpdateable":true,"isFilterable":true,"isCalculated":false,"showLabel":false,"naturalOrder":6,"linkedFields":["CREATEDDATE"],"relatedInfos":[],"references":[]},{"@type":"field","id":49660435,"name":"MODIFIEDDATE","type":"timestamp","uniqueName":"MODIFIEDDATE","label":"MODIFIEDDATE","parentObject":"EMPLOYEE_SCD_TYPE1","pcType":"DATE","precision":23,"scale":3,"columnIndex":7,"isKey":false,"isExternalId":false,"isSfIdLookup":false,"isNullable":true,"isUnique":false,"isCreateable":false,"isUpdateable":true,"isFilterable":true,"isCalculated":false,"showLabel":false,"naturalOrder":7,"linkedFields":["MODIFIEDDATE"],"relatedInfos":[],"references":[]}],"sortFields":[],"groupFields":[]}]