[{"@type":"connection","id":"@1","name":"SRC_ORA_CONN","description":"ORACLE SOURCE","runtimeEnvironmentId":"@gmEj5e8S3iTl6rSShIeJ0z","instanceDisplayName":"Oracle","host":"khadharbasha","database":"XE","codepage":"UTF-8","adjustedJdbcHostName":"khadharbasha","schema":"Source_DB","shortDescription":"ORACLE SOURCE","type":"Oracle","port":1521,"password":"********","username":"Source_DB","majorUpdateTime":"2020-05-04T04:31:10.000Z","timeout":60,"connParams":{"Connection Retry Period":"60","agentId":"011AAQ08000000000002","CryptoProtocolVersion":"TLSv1","agentGroupId":"011AAQ25000000000002","encryptionMethod":"NoEncryption","orgId":"011AAQ","ValidateServerCertificate":"True"}}]